strategy_family,variant,window,pair,total_trades,total_return,win_rate,profit_factor,max_drawdown,average_r,median_r,expectancy,average_holding_minutes
TREND_CONTINUATION,EMA_PULLBACK_1R,oos,AUDUSD,494,-0.3963951320521637,0.3481781376518219,0.35249601841892425,0.3963951320521637,-0.5097899176927084,-1.1648701981739131,-0.5097899176927084,22.105263157894736
TREND_CONTINUATION,EMA_PULLBACK_1R,oos,EURUSD,495,-0.31865861114342897,0.3939393939393939,0.45874628540198514,0.32119267202766144,-0.386443069019103,-1.1144148287367646,-0.386443069019103,25.19191919191919
TREND_CONTINUATION,EMA_PULLBACK_1R,oos,GBPUSD,558,-0.23897674800030444,0.45698924731182794,0.6138515286624412,0.24022270998925485,-0.24363948033314406,-1.0850235619673172,-0.24363948033314406,18.870967741935484
TREND_CONTINUATION,EMA_PULLBACK_1R,oos,USDJPY,492,-0.1388186920194716,0.4715447154471545,0.7390052661827019,0.15089414708611723,-0.1508585501624725,-1.054334602311071,-0.1508585501624725,23.71951219512195
TREND_CONTINUATION,EMA_PULLBACK_1R,wf_1,AUDUSD,540,-0.25952685796561403,0.42962962962962964,0.5736795813858633,0.26213710098325127,-0.277141493164751,-1.091339402582555,-0.277141493164751,22.796296296296298
TREND_CONTINUATION,EMA_PULLBACK_1R,wf_1,EURUSD,549,-0.3342284740532723,0.39526411657559196,0.47408364512921125,0.335433052751,-0.3693999597566842,-1.113323667208052,-0.3693999597566842,29.626593806921676
TREND_CONTINUATION,EMA_PULLBACK_1R,wf_1,GBPUSD,581,-0.2701071711933225,0.42512908777969016,0.5813663113862988,0.2719288661851989,-0.26990390036865985,-1.058955536948915,-0.26990390036865985,19.01893287435456
TREND_CONTINUATION,EMA_PULLBACK_1R,wf_1,USDJPY,613,-0.24881078937187862,0.4453507340946166,0.6288426176422628,0.250012346683278,-0.23229720695187286,-1.0539041689851039,-0.23229720695187286,27.69983686786297
TREND_CONTINUATION,EMA_PULLBACK_1R,wf_2,AUDUSD,565,-0.27097647046910245,0.44424778761061945,0.572222087925365,0.2749302134852229,-0.27860955684207034,-1.1173664411516957,-0.27860955684207034,46.336283185840706
TREND_CONTINUATION,EMA_PULLBACK_1R,wf_2,EURUSD,508,-0.36246096234548564,0.3838582677165354,0.410018178621922,0.3634648238315269,-0.44189073838618187,-1.1754358128505262,-0.44189073838618187,39.01574803149607
TREND_CONTINUATION,EMA_PULLBACK_1R,wf_2,GBPUSD,622,-0.3194829210931803,0.42604501607717044,0.5393172707164927,0.3363585198434206,-0.3083162466817216,-1.0960046419246545,-0.3083162466817216,19.228295819935692
TREND_CONTINUATION,EMA_PULLBACK_1R,wf_2,USDJPY,660,-0.20826082272462898,0.4696969696969697,0.7033840239196205,0.2127831500044396,-0.1758742949258998,-1.0493401679006453,-0.1758742949258998,25.78787878787879
TREND_CONTINUATION,EMA_PULLBACK_1R,wf_3,AUDUSD,584,-0.42010106562909166,0.3767123287671233,0.3883546334911001,0.42100128968667794,-0.46535927146888373,-1.1729684175532724,-0.46535927146888373,25.393835616438356
TREND_CONTINUATION,EMA_PULLBACK_1R,wf_3,EURUSD,521,-0.3839762187676933,0.3723608445297505,0.3903440722658423,0.3910205405795768,-0.4637756206692303,-1.1579236069508125,-0.4637756206692303,37.11132437619962
TREND_CONTINUATION,EMA_PULLBACK_1R,wf_3,GBPUSD,545,-0.39383173928203397,0.3761467889908257,0.3972556728732112,0.3967155787935909,-0.45808721895589866,-1.139443330324935,-0.45808721895589866,18.01834862385321
TREND_CONTINUATION,EMA_PULLBACK_1R,wf_3,USDJPY,635,-0.2747452070221301,0.431496062992126,0.6041675578996123,0.2884777432093662,-0.25187961554809346,-1.0548777651657686,-0.25187961554809346,27.69291338582677
TREND_CONTINUATION,EMA_PULLBACK_1.5R,oos,AUDUSD,494,-0.3918895983949997,0.2813765182186235,0.4198752009259704,0.3918895983949997,-0.5019243737374564,-1.1736219259052154,-0.5019243737374564,31.973684210526315
TREND_CONTINUATION,EMA_PULLBACK_1.5R,oos,EURUSD,493,-0.3039170682587875,0.3225152129817444,0.5401701006153191,0.30672389475339507,-0.3659125725323928,-1.1317524131162209,-0.3659125725323928,31.896551724137932
TREND_CONTINUATION,EMA_PULLBACK_1.5R,oos,GBPUSD,556,-0.2055745964198028,0.37949640287769787,0.7136047189437587,0.21251593344607078,-0.20543008127309695,-1.0992340114364403,-0.20543008127309695,29.676258992805757
TREND_CONTINUATION,EMA_PULLBACK_1.5R,oos,USDJPY,492,-0.1578226915917239,0.3678861788617886,0.749024665289909,0.17111493716796056,-0.17307838479704768,-1.0664015556034152,-0.17307838479704768,41.43292682926829
TREND_CONTINUATION,EMA_PULLBACK_1.5R,wf_1,AUDUSD,539,-0.2485301594825785,0.34879406307977734,0.6440442547341552,0.2532093087874191,-0.2635541614458732,-1.100757116035216,-0.2635541614458732,37.64378478664193
TREND_CONTINUATION,EMA_PULLBACK_1.5R,wf_1,EURUSD,548,-0.33676900564596923,0.31386861313868614,0.5308242475574089,0.33676900564596923,-0.37317072763189163,-1.1300644132904916,-0.37317072763189163,41.17700729927007
TREND_CONTINUATION,EMA_PULLBACK_1.5R,wf_1,GBPUSD,580,-0.26368340257423306,0.3431034482758621,0.6428814964396239,0.2682220752782856,-0.2623979719555577,-1.0719494610906464,-0.2623979719555577,27.482758620689655
TREND_CONTINUATION,EMA_PULLBACK_1.5R,wf_1,USDJPY,610,-0.2236798838060674,0.36721311475409835,0.7109230508820845,0.22852458301765155,-0.206022759219431,-1.0656176641631971,-0.206022759219431,51.50819672131148
TREND_CONTINUATION,EMA_PULLBACK_1.5R,wf_2,AUDUSD,559,-0.2885729646205486,0.34525939177101966,0.6039314058059965,0.2966055403308935,-0.30302825319644305,-1.1316610311373967,-0.30302825319644305,70.95706618962433
TREND_CONTINUATION,EMA_PULLBACK_1.5R,wf_2,EURUSD,506,-0.34182162664713,0.3181818181818182,0.5017480988519564,0.3452294679979553,-0.4117738783452796,-1.18182350472937,-0.4117738783452796,63.64624505928854
TREND_CONTINUATION,EMA_PULLBACK_1.5R,wf_2,GBPUSD,617,-0.33312611234639744,0.33225283630470015,0.5775161514839819,0.3446351448324367,-0.3268210307031288,-1.1134019803371358,-0.3268210307031288,32.13938411669368
TREND_CONTINUATION,EMA_PULLBACK_1.5R,wf_2,USDJPY,658,-0.21167934049048953,0.3738601823708207,0.7428666211932803,0.22009692257693897,-0.17923946320398512,-1.0716002672549556,-0.17923946320398512,36.93768996960486
TREND_CONTINUATION,EMA_PULLBACK_1.5R,wf_3,AUDUSD,584,-0.44956184514326003,0.2842465753424658,0.4164750299496485,0.45096451801777027,-0.5096268470541901,-1.184774907207954,-0.5096268470541901,45.77054794520548
TREND_CONTINUATION,EMA_PULLBACK_1.5R,wf_3,EURUSD,520,-0.40342558846612697,0.2846153846153846,0.4270781517001986,0.40671088922983034,-0.4951529723165523,-1.1763770981147323,-0.4951529723165523,49.54807692307692
TREND_CONTINUATION,EMA_PULLBACK_1.5R,wf_3,GBPUSD,543,-0.36867256130417314,0.31307550644567217,0.4932439514349865,0.37424174926756626,-0.4219530268763276,-1.1489400544751172,-0.4219530268763276,25.635359116022098
TREND_CONTINUATION,EMA_PULLBACK_1.5R,wf_3,USDJPY,633,-0.25853568608727207,0.3522906793048973,0.6754740921024722,0.2733303792802768,-0.23478636565299493,-1.068127189306262,-0.23478636565299493,46.73775671406003
TREND_CONTINUATION,EMA_PULLBACK_2R,oos,AUDUSD,489,-0.39435925300728236,0.2331288343558282,0.44704370799170073,0.39435925300728236,-0.5108916162357844,-1.1806042435523645,-0.5108916162357844,42.852760736196316
TREND_CONTINUATION,EMA_PULLBACK_2R,oos,EURUSD,491,-0.29365886021090626,0.2729124236252546,0.5872853663994108,0.2971560731147596,-0.3520994324102631,-1.139060834420502,-0.3520994324102631,39.205702647657844
TREND_CONTINUATION,EMA_PULLBACK_2R,oos,GBPUSD,550,-0.2346286359270804,0.30363636363636365,0.6992476992588974,0.2374044108350552,-0.2411180007547276,-1.1114304616075366,-0.2411180007547276,39.93636363636364
TREND_CONTINUATION,EMA_PULLBACK_2R,oos,USDJPY,491,-0.14746845176485623,0.31160896130346233,0.7857806938275588,0.16308035217384065,-0.1605336649695662,-1.0689087807818514,-0.1605336649695662,53.65580448065173
TREND_CONTINUATION,EMA_PULLBACK_2R,wf_1,AUDUSD,539,-0.21933643109507694,0.30241187384044527,0.7126896266694221,0.22959086635162584,-0.2277377870951611,-1.1069057251014216,-0.2277377870951611,52.6530612244898
TREND_CONTINUATION,EMA_PULLBACK_2R,wf_1,EURUSD,545,-0.320543630763809,0.26972477064220185,0.58372958159735,0.320543630763809,-0.35265643801183627,-1.1377249637448743,-0.35265643801183627,51.48623853211009
TREND_CONTINUATION,EMA_PULLBACK_2R,wf_1,GBPUSD,578,-0.2761697829104425,0.2820069204152249,0.6535175161390422,0.2834940418872175,-0.2777062689506919,-1.0783584621571112,-0.2777062689506919,36.42733564013841
TREND_CONTINUATION,EMA_PULLBACK_2R,wf_1,USDJPY,610,-0.1701343434757272,0.3262295081967213,0.8010165240515148,0.18490317004962076,-0.15086371979043878,-1.0715423351594198,-0.15086371979043878,63.614754098360656
TREND_CONTINUATION,EMA_PULLBACK_2R,wf_2,AUDUSD,556,-0.23030850682277249,0.31115107913669066,0.7089337871608258,0.2476700970337377,-0.23341746081026335,-1.1339624966887856,-0.23341746081026335,89.75719424460432
TREND_CONTINUATION,EMA_PULLBACK_2R,wf_2,EURUSD,505,-0.3385734183147773,0.26732673267326734,0.5407703072423542,0.34330870918912365,-0.4073249834319792,-1.1853691853044372,-0.4073249834319792,80.07920792079207
TREND_CONTINUATION,EMA_PULLBACK_2R,wf_2,GBPUSD,610,-0.32955600274610697,0.2786885245901639,0.6089771249773956,0.34069108910393125,-0.32581312977676985,-1.1195107199301537,-0.32581312977676985,47.39344262295082
TREND_CONTINUATION,EMA_PULLBACK_2R,wf_2,USDJPY,657,-0.24712709497458551,0.2998477929984779,0.7244862999834951,0.254946506884275,-0.21409860146074602,-1.0785240120678459,-0.21409860146074602,50.54033485540335
TREND_CONTINUATION,EMA_PULLBACK_2R,wf_3,AUDUSD,584,-0.4369304757288368,0.24315068493150685,0.4689326892147493,0.4389249821621546,-0.48983605752123655,-1.19060547383656,-0.48983605752123655,54.29794520547945
TREND_CONTINUATION,EMA_PULLBACK_2R,wf_3,EURUSD,518,-0.4162807286778486,0.22972972972972974,0.44142919717227147,0.4178876015428231,-0.5177730322935105,-1.1809020185323749,-0.5177730322935105,59.51737451737452
TREND_CONTINUATION,EMA_PULLBACK_2R,wf_3,GBPUSD,542,-0.3716236669763775,0.26014760147601473,0.522751684970835,0.37964515406048527,-0.4266809197075765,-1.1544635496986517,-0.4266809197075765,32.23247232472325
TREND_CONTINUATION,EMA_PULLBACK_2R,wf_3,USDJPY,633,-0.2887154812251699,0.2859399684044234,0.6640187808046247,0.296839817680187,-0.26722100785051367,-1.0761132112518248,-0.26722100785051367,58.175355450236964
MEAN_REVERSION,BOLLINGER_TO_MEAN,oos,AUDUSD,116,-0.04808876078813684,0.35344827586206895,0.7336606519875307,0.06875240590850207,-0.21037331591221894,-1.167679830487141,-0.21037331591221894,32.543103448275865
MEAN_REVERSION,BOLLINGER_TO_MEAN,oos,EURUSD,54,-0.03973973197577052,0.2777777777777778,0.5724544768737645,0.041754563057573815,-0.3734217028420686,-1.1641347735880183,-0.3734217028420686,33.51851851851852
MEAN_REVERSION,BOLLINGER_TO_MEAN,oos,GBPUSD,58,-0.028721310516594434,0.3275862068965517,0.6835048078004327,0.031145170495504814,-0.2493206526227293,-1.1253513248816214,-0.2493206526227293,85.6896551724138
MEAN_REVERSION,BOLLINGER_TO_MEAN,oos,USDJPY,90,-0.019887031622231044,0.32222222222222224,0.854499731958834,0.026442544127895998,-0.10940451023668928,-1.0878180731871132,-0.10940451023668928,35.94444444444444
MEAN_REVERSION,BOLLINGER_TO_MEAN,wf_1,AUDUSD,112,-0.03285810076696993,0.35714285714285715,0.8104148378064971,0.06121131887585074,-0.14702277014578471,-1.1241403480808663,-0.14702277014578471,67.36607142857143
MEAN_REVERSION,BOLLINGER_TO_MEAN,wf_1,EURUSD,58,0.02059303163271875,0.4827586206896552,1.296433041635652,0.013160945159645073,0.17782134191423593,-1.0688433787860403,0.17782134191423593,111.46551724137932
MEAN_REVERSION,BOLLINGER_TO_MEAN,wf_1,GBPUSD,57,-0.03045228942815592,0.2982456140350877,0.6574343148555123,0.03232931239482349,-0.2693391030084236,-1.1036228201589044,-0.2693391030084236,99.03508771929825
MEAN_REVERSION,BOLLINGER_TO_MEAN,wf_1,USDJPY,50,-0.03437083460832713,0.28,0.5651136944250886,0.0468049949626635,-0.34805838362822217,-1.09696911113492,-0.34805838362822217,30.3
MEAN_REVERSION,BOLLINGER_TO_MEAN,wf_2,AUDUSD,86,-0.05840454910435433,0.27906976744186046,0.5842862595592643,0.06302857642786053,-0.3479569340017548,-1.1452271523898294,-0.3479569340017548,41.395348837209305
MEAN_REVERSION,BOLLINGER_TO_MEAN,wf_2,EURUSD,52,-0.030592792657250123,0.3269230769230769,0.6188187640277711,0.04278638828765823,-0.29702011807175394,-1.139846066852424,-0.29702011807175394,50.57692307692308
MEAN_REVERSION,BOLLINGER_TO_MEAN,wf_2,GBPUSD,43,0.022708152866386833,0.46511627906976744,1.4326599050131057,0.011488005387640925,0.26354134043165217,-1.085145130249823,0.26354134043165217,45.46511627906977
MEAN_REVERSION,BOLLINGER_TO_MEAN,wf_2,USDJPY,41,-0.01282709410065308,0.2926829268292683,0.7992833496934112,0.0355053648842125,-0.15517835798012128,-1.0724460774078608,-0.15517835798012128,46.09756097560975
MEAN_REVERSION,BOLLINGER_TO_MEAN,wf_3,AUDUSD,77,-0.06862342724203696,0.2727272727272727,0.49586481765079016,0.07015200857968085,-0.45961227430678253,-1.2246273548823514,-0.45961227430678253,30.77922077922078
MEAN_REVERSION,BOLLINGER_TO_MEAN,wf_3,EURUSD,53,-0.014432950587931037,0.4339622641509434,0.8070375113597704,0.02797804262319359,-0.13532711284190074,-1.1722476654682172,-0.13532711284190074,39.81132075471698
MEAN_REVERSION,BOLLINGER_TO_MEAN,wf_3,GBPUSD,53,-0.02342897546629119,0.3584905660377358,0.706945083274554,0.027476368655632744,-0.22179271713595544,-1.1598813399730503,-0.22179271713595544,49.15094339622642
MEAN_REVERSION,BOLLINGER_TO_MEAN,wf_3,USDJPY,49,-0.0346872052994418,0.22448979591836735,0.5805557415826184,0.0346872052994418,-0.35813991645448556,-1.085120874230435,-0.35813991645448556,47.55102040816327
BREAKOUT,ASIAN_RANGE_CLOSE,oos,AUDUSD,562,-0.3966346372065833,0.304270462633452,0.46535515075504386,0.39895975112969756,-0.44797688823767784,-1.1600743193324563,-0.44797688823767784,19.14590747330961
BREAKOUT,ASIAN_RANGE_CLOSE,oos,EURUSD,514,-0.34080913733446305,0.2918287937743191,0.4959466582668933,0.34080913733446305,-0.40393658106712405,-1.105503202974599,-0.40393658106712405,19.173151750972764
BREAKOUT,ASIAN_RANGE_CLOSE,oos,GBPUSD,546,-0.22961850475493228,0.34798534798534797,0.6711763896122869,0.23894221077078115,-0.23741384251705272,-1.0858005957201144,-0.23741384251705272,19.67032967032967
BREAKOUT,ASIAN_RANGE_CLOSE,oos,USDJPY,548,-0.18152341365920954,0.36678832116788324,0.7384547151766132,0.19060862138884616,-0.18128593557238998,-1.0663977322763614,-0.18128593557238998,19.087591240875913
BREAKOUT,ASIAN_RANGE_CLOSE,wf_1,AUDUSD,513,-0.14365508338762345,0.39571150097465885,0.781895172304494,0.15282764362974985,-0.1496387683260092,-1.0910060486674427,-0.1496387683260092,20.71150097465887
BREAKOUT,ASIAN_RANGE_CLOSE,wf_1,EURUSD,573,-0.23887303542851512,0.3525305410122164,0.6735751651257117,0.2430507902022851,-0.2366910547285055,-1.0979955982605352,-0.2366910547285055,17.233856893542757
BREAKOUT,ASIAN_RANGE_CLOSE,wf_1,GBPUSD,550,-0.20617105829579074,0.3472727272727273,0.7034118102914558,0.2091000237438094,-0.20843451951407246,-1.057671410628692,-0.20843451951407246,20.2
BREAKOUT,ASIAN_RANGE_CLOSE,wf_1,USDJPY,534,-0.19923553902400237,0.35580524344569286,0.7074132410144777,0.2122361773625736,-0.20656066590847896,-1.0631908851366831,-0.20656066590847896,17.865168539325843
BREAKOUT,ASIAN_RANGE_CLOSE,wf_2,AUDUSD,568,-0.37536342421533897,0.29577464788732394,0.492835265674007,0.3813122950551683,-0.41276008085481797,-1.1240497154171432,-0.41276008085481797,24.463028169014084
BREAKOUT,ASIAN_RANGE_CLOSE,wf_2,EURUSD,590,-0.4080928118839865,0.2864406779661017,0.46488342076408185,0.4095664741258426,-0.4429322084898942,-1.1389351400176126,-0.4429322084898942,22.110169491525422
BREAKOUT,ASIAN_RANGE_CLOSE,wf_2,GBPUSD,547,-0.22058765593447605,0.34552102376599636,0.6820053833067264,0.2279276537671735,-0.22634103445069698,-1.0691775291265428,-0.22634103445069698,25.20109689213894
BREAKOUT,ASIAN_RANGE_CLOSE,wf_2,USDJPY,584,-0.13007424332494644,0.3921232876712329,0.8221140738613316,0.1469861397569735,-0.11781237462151763,-1.0551490573188747,-0.11781237462151763,25.89041095890411
BREAKOUT,ASIAN_RANGE_CLOSE,wf_3,AUDUSD,565,-0.4398927844548455,0.2849557522123894,0.414732515170807,0.44163334453467185,-0.5114053558834493,-1.165761275135775,-0.5114053558834493,17.371681415929203
BREAKOUT,ASIAN_RANGE_CLOSE,wf_3,EURUSD,547,-0.2888363448764065,0.3436928702010969,0.5963144265984988,0.291593749920329,-0.3100525157321271,-1.136963182064619,-0.3100525157321271,23.062157221206583
BREAKOUT,ASIAN_RANGE_CLOSE,wf_3,GBPUSD,571,-0.31111767138187585,0.3222416812609457,0.5753501069523169,0.31633699604142274,-0.32487339080735367,-1.0967529248182935,-0.32487339080735367,18.362521891418563
BREAKOUT,ASIAN_RANGE_CLOSE,wf_3,USDJPY,573,-0.11793928172304813,0.39965095986038396,0.8371716865695134,0.14867226569329284,-0.10799607419551822,-1.0531223092915625,-0.10799607419551822,19.79930191972077
BREAKOUT,ASIAN_RANGE_RETEST,oos,AUDUSD,406,-0.31989572610440675,0.29310344827586204,0.44454842932072425,0.3248616365974971,-0.47324053216623174,-1.1675673009228933,-0.47324053216623174,18.238916256157637
BREAKOUT,ASIAN_RANGE_RETEST,oos,EURUSD,372,-0.23732172051314904,0.30913978494623656,0.5372397372275075,0.23938442238479074,-0.3626689657018676,-1.1074152109722724,-0.3626689657018676,19.932795698924732
BREAKOUT,ASIAN_RANGE_RETEST,oos,GBPUSD,400,-0.18336556735035858,0.3425,0.6542160424333153,0.18636181327920476,-0.25173219451862333,-1.0868560408053587,-0.25173219451862333,20.775
BREAKOUT,ASIAN_RANGE_RETEST,oos,USDJPY,371,-0.1648412911629853,0.3423180592991914,0.6646329976530448,0.17550800366046868,-0.24130663519486592,-1.0713224444178522,-0.24130663519486592,17.911051212938006
BREAKOUT,ASIAN_RANGE_RETEST,wf_1,AUDUSD,366,-0.13959781297786278,0.3743169398907104,0.7127232688428047,0.1485913071689666,-0.20390564951650283,-1.0925927934446114,-0.20390564951650283,21.366120218579233
BREAKOUT,ASIAN_RANGE_RETEST,wf_1,EURUSD,393,-0.21556960977962758,0.3256997455470738,0.5941646213878009,0.22648456302234796,-0.3074284908835633,-1.1039455790814678,-0.3074284908835633,15.69974554707379
BREAKOUT,ASIAN_RANGE_RETEST,wf_1,GBPUSD,403,-0.1639264361181466,0.3424317617866005,0.6881349526390449,0.16636226094272577,-0.22067509384132378,-1.059410316925477,-0.22067509384132378,19.392059553349878
BREAKOUT,ASIAN_RANGE_RETEST,wf_1,USDJPY,371,-0.11466974627288484,0.3746630727762803,0.7632383536083723,0.13489467606118496,-0.1626500866378602,-1.0626680605130339,-0.1626500866378602,18.58490566037736
BREAKOUT,ASIAN_RANGE_RETEST,wf_2,AUDUSD,391,-0.2958349846351013,0.2813299232736573,0.4603099277483978,0.2958349846351013,-0.4470453589349777,-1.1209183748869074,-0.4470453589349777,22.723785166240408
BREAKOUT,ASIAN_RANGE_RETEST,wf_2,EURUSD,431,-0.33164642590300875,0.27842227378190254,0.44450939031285464,0.3333104155387677,-0.4659686597899232,-1.1406348578223124,-0.4659686597899232,20.51044083526682
BREAKOUT,ASIAN_RANGE_RETEST,wf_2,GBPUSD,343,-0.1655080138462386,0.3323615160349854,0.6392093785591342,0.17035607262937857,-0.2623014533075221,-1.0691775291265428,-0.2623014533075221,23.35276967930029
BREAKOUT,ASIAN_RANGE_RETEST,wf_2,USDJPY,369,-0.09781383540977506,0.38482384823848237,0.7957042518956228,0.10622937461804517,-0.13797657178755532,-1.0564736759982456,-0.13797657178755532,21.54471544715447
BREAKOUT,ASIAN_RANGE_RETEST,wf_3,AUDUSD,404,-0.3105255108956818,0.3069306930693069,0.4594064264925238,0.312358061728239,-0.4586353553885603,-1.163827467506151,-0.4586353553885603,16.25
BREAKOUT,ASIAN_RANGE_RETEST,wf_3,EURUSD,382,-0.17982781766830158,0.36649214659685864,0.6531504920127393,0.1857427989859249,-0.25795635306438597,-1.135746685118979,-0.25795635306438597,21.8717277486911
BREAKOUT,ASIAN_RANGE_RETEST,wf_3,GBPUSD,408,-0.2088996868409405,0.3382352941176471,0.6178231372013303,0.21777837202034833,-0.2856884515644847,-1.0969351478177947,-0.2856884515644847,17.75735294117647
BREAKOUT,ASIAN_RANGE_RETEST,wf_3,USDJPY,388,-0.11010411471700854,0.38402061855670105,0.7811317055376231,0.13804086650748834,-0.14883106524799067,-1.0601205540245466,-0.14883106524799067,20.193298969072163
BREAKOUT,LONDON_OPEN_CLOSE,oos,AUDUSD,717,-0.5431833574241738,0.2691771269177127,0.38745315757192733,0.5431833574241738,-0.5448211221677518,-1.1850170789118915,-0.5448211221677518,14.783821478382148
BREAKOUT,LONDON_OPEN_CLOSE,oos,EURUSD,664,-0.34641015768909733,0.32680722891566266,0.5830402176217189,0.3483907240457458,-0.31875704178695297,-1.1044984091214962,-0.31875704178695297,17.326807228915662
BREAKOUT,LONDON_OPEN_CLOSE,oos,GBPUSD,702,-0.25683332021664396,0.3603988603988604,0.7045442700069192,0.2871283901173146,-0.2099348012392176,-1.0868286348976537,-0.2099348012392176,17.571225071225072
BREAKOUT,LONDON_OPEN_CLOSE,oos,USDJPY,709,-0.3361487314225836,0.3229901269393512,0.6117288717337984,0.34705688609834784,-0.2874783849622549,-1.0712634298164143,-0.2874783849622549,16.100141043723553
BREAKOUT,LONDON_OPEN_CLOSE,wf_1,AUDUSD,724,-0.3145458948435135,0.35082872928176795,0.6464102326490011,0.3209678080452744,-0.2593472795175005,-1.1014079256380476,-0.2593472795175005,15.241712707182321
BREAKOUT,LONDON_OPEN_CLOSE,wf_1,EURUSD,579,-0.20349080841806144,0.36787564766839376,0.7227598424964989,0.22273330881120057,-0.1949868369962119,-1.0943230902116656,-0.1949868369962119,20.820379965457686
BREAKOUT,LONDON_OPEN_CLOSE,wf_1,GBPUSD,684,-0.2466906670714455,0.3508771929824561,0.7061009291776602,0.24832557549398793,-0.20561781894096381,-1.0599350453462506,-0.20561781894096381,18.98391812865497
BREAKOUT,LONDON_OPEN_CLOSE,wf_1,USDJPY,699,-0.25033609747951635,0.36337625178826893,0.7109326865807112,0.2602135882744685,-0.20460652136608834,-1.067409088910955,-0.20460652136608834,16.523605150214593
BREAKOUT,LONDON_OPEN_CLOSE,wf_2,AUDUSD,763,-0.4762928008601077,0.2948885976408912,0.4830114505791511,0.4762928008601077,-0.4223892048514978,-1.1285709647093358,-0.4223892048514978,19.698558322411532
BREAKOUT,LONDON_OPEN_CLOSE,wf_2,EURUSD,582,-0.3434075454576243,0.3178694158075601,0.541752884402574,0.3434075454576243,-0.3599408009427628,-1.1358106536442505,-0.3599408009427628,25.9106529209622
BREAKOUT,LONDON_OPEN_CLOSE,wf_2,GBPUSD,763,-0.3103359020502322,0.34076015727391873,0.6628299667912583,0.3167873911660891,-0.2420268431536574,-1.07350929904675,-0.2420268431536574,24.678899082568808
BREAKOUT,LONDON_OPEN_CLOSE,wf_2,USDJPY,757,-0.16660865554254733,0.39233817701453105,0.8211048973726288,0.17927982609383508,-0.1188805693657749,-1.060566215599686,-0.1188805693657749,23.23645970937913
BREAKOUT,LONDON_OPEN_CLOSE,wf_3,AUDUSD,732,-0.5026451629648676,0.296448087431694,0.4463552381748094,0.505635723440645,-0.475534192776056,-1.174836897975479,-0.475534192776056,14.098360655737705
BREAKOUT,LONDON_OPEN_CLOSE,wf_3,EURUSD,582,-0.3859338900625503,0.29896907216494845,0.4872983227170769,0.3895408020294403,-0.4174675564104236,-1.1389882664336333,-0.4174675564104236,25.644329896907216
BREAKOUT,LONDON_OPEN_CLOSE,wf_3,GBPUSD,711,-0.38481946339891915,0.31645569620253167,0.5595852419037216,0.3915275290039913,-0.3401920247459898,-1.1021122944839472,-0.3401920247459898,17.573839662447256
BREAKOUT,LONDON_OPEN_CLOSE,wf_3,USDJPY,716,-0.2461535383850546,0.3645251396648045,0.721980073003553,0.2580092789425863,-0.19582717406399636,-1.0632890491943257,-0.19582717406399636,16.82262569832402
BREAKOUT,LONDON_OPEN_RETEST,oos,AUDUSD,548,-0.3914131338617116,0.30656934306569344,0.46553029553641445,0.39755324865945013,-0.45157248349017187,-1.1820872344280948,-0.45157248349017187,16.01277372262774
BREAKOUT,LONDON_OPEN_RETEST,oos,EURUSD,499,-0.2782659888677852,0.3246492985971944,0.5760235591422119,0.2847651961024632,-0.32527388291258147,-1.105542285044064,-0.32527388291258147,17.925851703406813
BREAKOUT,LONDON_OPEN_RETEST,oos,GBPUSD,530,-0.19529123881966304,0.3641509433962264,0.7113409254095392,0.2045902144132422,-0.20349847275002425,-1.087521569067845,-0.20349847275002425,18.745283018867923
BREAKOUT,LONDON_OPEN_RETEST,oos,USDJPY,525,-0.295207514246001,0.3047619047619048,0.5634777222593313,0.30228369252632636,-0.3317570461122953,-1.0726805183881412,-0.3317570461122953,18.114285714285714
BREAKOUT,LONDON_OPEN_RETEST,wf_1,AUDUSD,546,-0.22302250695352532,0.3608058608058608,0.6808388553576917,0.23262637493541521,-0.22960053218362705,-1.097142643402714,-0.22960053218362705,16.63003663003663
BREAKOUT,LONDON_OPEN_RETEST,wf_1,EURUSD,382,-0.14984098943450752,0.3612565445026178,0.703297549748803,0.15938257529133515,-0.21099156119142648,-1.0969536920347989,-0.21099156119142648,19.18848167539267
BREAKOUT,LONDON_OPEN_RETEST,wf_1,GBPUSD,501,-0.242912815333431,0.32335329341317365,0.620803116437188,0.2516422935599112,-0.2762930519865825,-1.0612867926494913,-0.2762930519865825,20.189620758483034
BREAKOUT,LONDON_OPEN_RETEST,wf_1,USDJPY,513,-0.21846659356599274,0.35282651072124754,0.6685766830904408,0.23116214369863064,-0.2387729533269953,-1.071619383537802,-0.2387729533269953,19.571150097465885
BREAKOUT,LONDON_OPEN_RETEST,wf_2,AUDUSD,525,-0.3477985030994215,0.30095238095238097,0.49912363315683267,0.3514380018432979,-0.4055656359211607,-1.124904355400163,-0.4055656359211607,16.466666666666665
BREAKOUT,LONDON_OPEN_RETEST,wf_2,EURUSD,402,-0.2520521704582832,0.31840796019900497,0.5420865765746602,0.2520521704582832,-0.3597416827740694,-1.1367624833553656,-0.3597416827740694,26.3681592039801
BREAKOUT,LONDON_OPEN_RETEST,wf_2,GBPUSD,481,-0.16127028910594154,0.3659043659043659,0.7383706838072917,0.16629262732760944,-0.18133613497569298,-1.0707605309859163,-0.18133613497569298,20.187110187110186
BREAKOUT,LONDON_OPEN_RETEST,wf_2,USDJPY,476,-0.1360576650797306,0.3802521008403361,0.7758118460766317,0.14147941961178775,-0.15213864120934834,-1.0605834725220422,-0.15213864120934834,18.41386554621849
BREAKOUT,LONDON_OPEN_RETEST,wf_3,AUDUSD,545,-0.39450242582867323,0.30458715596330277,0.45997194362672006,0.3995024752179915,-0.4587319160544106,-1.172231651333864,-0.4587319160544106,15.229357798165138
BREAKOUT,LONDON_OPEN_RETEST,wf_3,EURUSD,405,-0.2526701294938475,0.3234567901234568,0.5439146694803418,0.2557759061133851,-0.3580842816984155,-1.1351466955003933,-0.3580842816984155,26.246913580246915
BREAKOUT,LONDON_OPEN_RETEST,wf_3,GBPUSD,517,-0.2601290677601388,0.33849129593810445,0.6129628507670826,0.2657175491615853,-0.2898956442691099,-1.1021122944839472,-0.2898956442691099,18.152804642166345
BREAKOUT,LONDON_OPEN_RETEST,wf_3,USDJPY,521,-0.1850003676765699,0.3646833013435701,0.7230204684301278,0.20166300852798796,-0.19482829471638016,-1.0608789960564085,-0.19482829471638016,19.01151631477927
BREAKOUT,NEW_YORK_OPEN_CLOSE,oos,AUDUSD,509,-0.5135907009069305,0.2318271119842829,0.2878360505291232,0.5147511368200819,-0.7062968131851952,-1.2370710641623057,-0.7062968131851952,49.30255402750491
BREAKOUT,NEW_YORK_OPEN_CLOSE,oos,EURUSD,466,-0.3501843614972997,0.30042918454935624,0.4455561811074548,0.35305513768786106,-0.46104093243644756,-1.142312122862221,-0.46104093243644756,75.60085836909872
BREAKOUT,NEW_YORK_OPEN_CLOSE,oos,GBPUSD,495,-0.3430837985447249,0.301010101010101,0.47712756305867143,0.35223193462326635,-0.42298558283523563,-1.12499585986228,-0.42298558283523563,56.333333333333336
BREAKOUT,NEW_YORK_OPEN_CLOSE,oos,USDJPY,508,-0.35165981149485115,0.2874015748031496,0.473948482935197,0.35203543836146745,-0.4250715087606912,-1.1046525630816153,-0.4250715087606912,63.011811023622045
BREAKOUT,NEW_YORK_OPEN_CLOSE,wf_1,AUDUSD,488,-0.3249471109353068,0.3094262295081967,0.5038295574182553,0.3249471109353068,-0.4011262262848913,-1.1305530591766404,-0.4011262262848913,76.98770491803279
BREAKOUT,NEW_YORK_OPEN_CLOSE,wf_1,EURUSD,623,-0.21551977265120714,0.3611556982343499,0.7226413670103405,0.22365751400791234,-0.1933401859470646,-1.0752758929371968,-0.1933401859470646,20.168539325842698
BREAKOUT,NEW_YORK_OPEN_CLOSE,wf_1,GBPUSD,452,-0.2522250847732721,0.32964601769911506,0.5688973454679984,0.2522250847732721,-0.32010677248929376,-1.0882191794962313,-0.32010677248929376,85.06637168141593
BREAKOUT,NEW_YORK_OPEN_CLOSE,wf_1,USDJPY,516,-0.40458590057637533,0.27325581395348836,0.41315290193030685,0.40629915747213574,-0.5009388036233883,-1.1220798422959328,-0.5009388036233883,56.395348837209305
BREAKOUT,NEW_YORK_OPEN_CLOSE,wf_2,AUDUSD,420,-0.3747908513321643,0.2642857142857143,0.37746056340065615,0.37766092414200686,-0.5575750268153069,-1.1758846931229605,-0.5575750268153069,86.26190476190476
BREAKOUT,NEW_YORK_OPEN_CLOSE,wf_2,EURUSD,590,-0.24499989584740878,0.35423728813559324,0.6701973713530825,0.24914651884752675,-0.2367017246269716,-1.0929620129018829,-0.2367017246269716,24.872881355932204
BREAKOUT,NEW_YORK_OPEN_CLOSE,wf_2,GBPUSD,360,-0.24400443360735247,0.3,0.5097042298407907,0.25167118645886105,-0.38704190346088074,-1.113362759208588,-0.38704190346088074,116.47222222222223
BREAKOUT,NEW_YORK_OPEN_CLOSE,wf_2,USDJPY,406,-0.2942450140692048,0.29802955665024633,0.4763292809145799,0.29670279603788113,-0.42769587372593476,-1.115660537697019,-0.42769587372593476,58.7192118226601
BREAKOUT,NEW_YORK_OPEN_CLOSE,wf_3,AUDUSD,481,-0.5074506082883612,0.22661122661122662,0.26928430473428555,0.5086437789904824,-0.7344664288620614,-1.239223480174253,-0.7344664288620614,75.33264033264034
BREAKOUT,NEW_YORK_OPEN_CLOSE,wf_3,EURUSD,504,-0.2863209178513174,0.3253968253968254,0.5629490232487561,0.29492141588101556,-0.3331989764481939,-1.1035564844359067,-0.3331989764481939,32.21230158730159
BREAKOUT,NEW_YORK_OPEN_CLOSE,wf_3,GBPUSD,446,-0.35490945939774143,0.28475336322869954,0.42487990004802323,0.3627477647434335,-0.4899348890565805,-1.1554653218286552,-0.4899348890565805,93.50896860986548
BREAKOUT,NEW_YORK_OPEN_CLOSE,wf_3,USDJPY,477,-0.32586076486352844,0.3039832285115304,0.49259098023652037,0.32590153035714997,-0.411839596933912,-1.1087201536129323,-0.411839596933912,63.700209643605874
BREAKOUT,NEW_YORK_OPEN_RETEST,oos,AUDUSD,283,-0.33528059919360553,0.21908127208480566,0.27604222960493113,0.33708211885173894,-0.7198815153680032,-1.2288488027125386,-0.7198815153680032,35.28268551236749
BREAKOUT,NEW_YORK_OPEN_RETEST,oos,EURUSD,249,-0.17116902239185539,0.3293172690763052,0.5224681516499746,0.17767071287638217,-0.3755284283776096,-1.1263460008431043,-0.3755284283776096,52.971887550200805
BREAKOUT,NEW_YORK_OPEN_RETEST,oos,GBPUSD,299,-0.20835086602969466,0.31438127090301005,0.5074609500602751,0.21303549465879215,-0.3892464599841435,-1.115715928170687,-0.3892464599841435,52.541806020066886
BREAKOUT,NEW_YORK_OPEN_RETEST,oos,USDJPY,299,-0.1838639321555544,0.32441471571906355,0.558968568911064,0.18610000770391724,-0.3383005035266087,-1.0995896718459035,-0.3383005035266087,70.66889632107024
BREAKOUT,NEW_YORK_OPEN_RETEST,wf_1,AUDUSD,279,-0.1736770136043838,0.3333333333333333,0.5663217372875763,0.1736770136043838,-0.34034850712615244,-1.131914903179411,-0.34034850712615244,93.15412186379929
BREAKOUT,NEW_YORK_OPEN_RETEST,wf_1,EURUSD,418,-0.13115571168588125,0.37320574162679426,0.7561363304669251,0.14662377069957652,-0.16669890612752844,-1.0766751505372554,-0.16669890612752844,22.751196172248804
BREAKOUT,NEW_YORK_OPEN_RETEST,wf_1,GBPUSD,253,-0.12581918165059536,0.3557312252964427,0.6324315343141532,0.13091368844125972,-0.2643128326098111,-1.083501451838061,-0.2643128326098111,62.92490118577075
BREAKOUT,NEW_YORK_OPEN_RETEST,wf_1,USDJPY,297,-0.27201228317602877,0.25925925925925924,0.3878819085021045,0.27950373485453195,-0.5329768039093932,-1.1224709683000773,-0.5329768039093932,68.23232323232324
BREAKOUT,NEW_YORK_OPEN_RETEST,wf_2,AUDUSD,210,-0.17014864632450288,0.3142857142857143,0.4782946825352941,0.17263326706220522,-0.4424770423739548,-1.1638304350394062,-0.4424770423739548,59.642857142857146
BREAKOUT,NEW_YORK_OPEN_RETEST,wf_2,EURUSD,412,-0.18061139813257632,0.35194174757281554,0.6670572130334367,0.18289412467174934,-0.24027147325867276,-1.0947988074298527,-0.24027147325867276,22.099514563106798
BREAKOUT,NEW_YORK_OPEN_RETEST,wf_2,GBPUSD,175,-0.13640766455302555,0.2914285714285714,0.4825663055839304,0.13951985359034713,-0.41755459719320576,-1.1075043600158154,-0.41755459719320576,75.11428571428571
BREAKOUT,NEW_YORK_OPEN_RETEST,wf_2,USDJPY,197,-0.12286545254776038,0.3350253807106599,0.5682870494695005,0.12653288740905771,-0.33125575601844043,-1.1069677754121858,-0.33125575601844043,49.46700507614213
BREAKOUT,NEW_YORK_OPEN_RETEST,wf_3,AUDUSD,256,-0.30594460882271357,0.23046875,0.28185931308440665,0.3061253308577796,-0.7116355951720905,-1.2274120830195412,-0.7116355951720905,82.83203125
BREAKOUT,NEW_YORK_OPEN_RETEST,wf_3,EURUSD,361,-0.22535778765429548,0.3185595567867036,0.539236376439461,0.22966556658564008,-0.35225467824204676,-1.102196340125827,-0.35225467824204676,28.9612188365651
BREAKOUT,NEW_YORK_OPEN_RETEST,wf_3,GBPUSD,238,-0.20142330761770677,0.2857142857142857,0.4417732951518638,0.20825253311986178,-0.471024127961102,-1.1483528846588418,-0.471024127961102,94.22268907563026
BREAKOUT,NEW_YORK_OPEN_RETEST,wf_3,USDJPY,294,-0.23772188043635012,0.2857142857142857,0.4483913132291117,0.2377679757267609,-0.46015762686295536,-1.1133339837681033,-0.46015762686295536,61.08843537414966
VOLATILITY_EXPANSION,COMPRESSION_BREAK_1.5R,oos,AUDUSD,702,-0.5953529489173748,0.2606837606837607,0.3317238218262738,0.5953529489173748,-0.6427480621142947,-1.2514814496836877,-0.6427480621142947,14.294871794871796
VOLATILITY_EXPANSION,COMPRESSION_BREAK_1.5R,oos,EURUSD,635,-0.4891831062152894,0.2929133858267717,0.4108368275186795,0.4891831062152894,-0.5273222498888143,-1.2065223444087385,-0.5273222498888143,31.291338582677167
VOLATILITY_EXPANSION,COMPRESSION_BREAK_1.5R,oos,GBPUSD,698,-0.4788429461816356,0.3008595988538682,0.4530335765215214,0.4790379979097882,-0.46529816557113046,-1.174816844841093,-0.46529816557113046,30.494269340974213
VOLATILITY_EXPANSION,COMPRESSION_BREAK_1.5R,oos,USDJPY,723,-0.3517060211107216,0.334716459197787,0.6064472462763465,0.35268159836451884,-0.2982339014837341,-1.1009967436692236,-0.2982339014837341,24.232365145228215
VOLATILITY_EXPANSION,COMPRESSION_BREAK_1.5R,wf_1,AUDUSD,686,-0.443360166759866,0.3119533527696793,0.4895694607922765,0.4448318418142807,-0.4254431583795354,-1.1549576530018717,-0.4254431583795354,29.409620991253643
VOLATILITY_EXPANSION,COMPRESSION_BREAK_1.5R,wf_1,EURUSD,634,-0.42733791860718684,0.30914826498422715,0.4770872435359856,0.431504967232634,-0.43809785574406696,-1.1729158270576132,-0.43809785574406696,20.51261829652997
VOLATILITY_EXPANSION,COMPRESSION_BREAK_1.5R,wf_1,GBPUSD,677,-0.424833058663196,0.3072378138847858,0.5006727550426974,0.4263886392302265,-0.4069744849765861,-1.1219129248353963,-0.4069744849765861,29.062038404726735
VOLATILITY_EXPANSION,COMPRESSION_BREAK_1.5R,wf_1,USDJPY,703,-0.3933089361526606,0.33001422475106684,0.554209582024172,0.4032229654191185,-0.35388890305647813,-1.1100483178948906,-0.35388890305647813,20.014224751066855
VOLATILITY_EXPANSION,COMPRESSION_BREAK_1.5R,wf_2,AUDUSD,723,-0.5553186281966713,0.2752420470262794,0.3834692851083715,0.5564632119228881,-0.5588591357396192,-1.203420583060886,-0.5588591357396192,34.356846473029044
VOLATILITY_EXPANSION,COMPRESSION_BREAK_1.5R,wf_2,EURUSD,589,-0.5049501244640912,0.2699490662139219,0.3583018084394179,0.5049501244640912,-0.5952598232798435,-1.2439843772942722,-0.5952598232798435,31.782682512733448
VOLATILITY_EXPANSION,COMPRESSION_BREAK_1.5R,wf_2,GBPUSD,765,-0.5480991753191728,0.28366013071895424,0.4109030669333892,0.5491570562292849,-0.5175991883247024,-1.1862028324776985,-0.5175991883247024,28.869281045751634
VOLATILITY_EXPANSION,COMPRESSION_BREAK_1.5R,wf_2,USDJPY,747,-0.36247008107083045,0.34404283801874164,0.6068405022782246,0.36247008107083045,-0.29979008594814993,-1.114547150743707,-0.29979008594814993,26.318607764390897
VOLATILITY_EXPANSION,COMPRESSION_BREAK_1.5R,wf_3,AUDUSD,701,-0.6323748966500723,0.24679029957203993,0.2940263075747121,0.6323748966500723,-0.7120327663978797,-1.280380831320906,-0.7120327663978797,29.64336661911555
VOLATILITY_EXPANSION,COMPRESSION_BREAK_1.5R,wf_3,EURUSD,615,-0.6077852486085447,0.208130081300813,0.2534340228275917,0.6090155018550454,-0.7592929409539685,-1.2487443796001592,-0.7592929409539685,31.317073170731707
VOLATILITY_EXPANSION,COMPRESSION_BREAK_1.5R,wf_3,GBPUSD,685,-0.6098801069525459,0.24379562043795622,0.30253942895567476,0.610778060173764,-0.6854267993741866,-1.2548550749180676,-0.6854267993741866,32.76642335766423
VOLATILITY_EXPANSION,COMPRESSION_BREAK_1.5R,wf_3,USDJPY,724,-0.4131828190628901,0.31767955801104975,0.5392161765561794,0.4241133329103852,-0.36660807529272826,-1.1037304862404445,-0.36660807529272826,28.915745856353592
VOLATILITY_EXPANSION,COMPRESSION_BREAK_2R,oos,AUDUSD,700,-0.5947071358553753,0.21857142857142858,0.36767960594839755,0.5947071358553753,-0.6431243951225655,-1.2641984545992218,-0.6431243951225655,18.307142857142857
VOLATILITY_EXPANSION,COMPRESSION_BREAK_2R,oos,EURUSD,634,-0.4934172248221268,0.24290220820189273,0.4413013703070795,0.4938573776835208,-0.5343691914104329,-1.213931042057304,-0.5343691914104329,41.92429022082019
VOLATILITY_EXPANSION,COMPRESSION_BREAK_2R,oos,GBPUSD,693,-0.48850056631852856,0.2453102453102453,0.4743775897002411,0.48964409184454166,-0.4818026841592283,-1.1843242910216472,-0.4818026841592283,49.22077922077922
VOLATILITY_EXPANSION,COMPRESSION_BREAK_2R,oos,USDJPY,723,-0.38598955425796755,0.2669432918395574,0.5986484352405513,0.38959130551719834,-0.3354126475224612,-1.1106473326750663,-0.3354126475224612,34.87551867219917
VOLATILITY_EXPANSION,COMPRESSION_BREAK_2R,wf_1,AUDUSD,686,-0.44541941788789585,0.2594752186588921,0.5230537217649903,0.4474367509326522,-0.42775446020337354,-1.1625858767977664,-0.42775446020337354,43.84839650145773
VOLATILITY_EXPANSION,COMPRESSION_BREAK_2R,wf_1,EURUSD,628,-0.4384073808835701,0.2515923566878981,0.4944119975328105,0.4452663088312112,-0.4574777741528197,-1.1778300561602868,-0.4574777741528197,31.146496815286625
VOLATILITY_EXPANSION,COMPRESSION_BREAK_2R,wf_1,GBPUSD,667,-0.4267317942451375,0.2563718140929535,0.5257250469835378,0.42885184299007795,-0.41521346752394284,-1.1304343085361042,-0.41521346752394284,45.75712143928036
VOLATILITY_EXPANSION,COMPRESSION_BREAK_2R,wf_1,USDJPY,696,-0.37081332508580256,0.28304597701149425,0.6107106565428283,0.37980968974032225,-0.3308783542258966,-1.1197808664051963,-0.3308783542258966,29.489942528735632
VOLATILITY_EXPANSION,COMPRESSION_BREAK_2R,wf_2,AUDUSD,719,-0.5465866237285262,0.2336578581363004,0.42847073837111366,0.5482043159097852,-0.5481042161182054,-1.2108889929772064,-0.5481042161182054,51.74547983310153
VOLATILITY_EXPANSION,COMPRESSION_BREAK_2R,wf_2,EURUSD,581,-0.49698631310521757,0.2289156626506024,0.39801367430735285,0.49698631310521757,-0.5894174440085621,-1.2474969522925095,-0.5894174440085621,40.39586919104991
VOLATILITY_EXPANSION,COMPRESSION_BREAK_2R,wf_2,GBPUSD,755,-0.5098531439868257,0.25298013245033113,0.4862637398425223,0.5115236134084509,-0.4703014842851155,-1.1917264588279886,-0.4703014842851155,44.18543046357616
VOLATILITY_EXPANSION,COMPRESSION_BREAK_2R,wf_2,USDJPY,741,-0.3522419599573823,0.2901484480431849,0.6472269980899308,0.3619531886624921,-0.29105796701540465,-1.1218600403229908,-0.29105796701540465,31.241565452091766
VOLATILITY_EXPANSION,COMPRESSION_BREAK_2R,wf_3,AUDUSD,700,-0.6403090516572427,0.2,0.31869129796906426,0.6406593848086509,-0.7283356727655121,-1.288631832906339,-0.7283356727655121,33.72142857142857
VOLATILITY_EXPANSION,COMPRESSION_BREAK_2R,wf_3,EURUSD,608,-0.6279472680277307,0.15953947368421054,0.24818251443967054,0.6290761494835628,-0.8112382227875425,-1.253751003522904,-0.8112382227875425,39.46546052631579
VOLATILITY_EXPANSION,COMPRESSION_BREAK_2R,wf_3,GBPUSD,677,-0.6012944284785601,0.20827178729689808,0.3419685829052689,0.6015767759032146,-0.677167872004615,-1.2633476691620646,-0.677167872004615,55.03692762186115
VOLATILITY_EXPANSION,COMPRESSION_BREAK_2R,wf_3,USDJPY,717,-0.4212218413372296,0.2608089260808926,0.5588369219624639,0.42623107003059235,-0.3794384454454593,-1.1133458916319785,-0.3794384454454593,46.54811715481171
SUPPORT_RESISTANCE,HTF_REJECTION,oos,AUDUSD,263,-0.11581950908034622,0.38022813688212925,0.6810678680632347,0.11581950908034622,-0.2324936559823031,-1.13783071863834,-0.2324936559823031,86.31178707224335
SUPPORT_RESISTANCE,HTF_REJECTION,oos,EURUSD,215,-0.11695961899041185,0.3395348837209302,0.6096114147677243,0.12417184276827103,-0.2878201746632717,-1.0796626622430021,-0.2878201746632717,53.604651162790695
SUPPORT_RESISTANCE,HTF_REJECTION,oos,GBPUSD,240,-0.0698497641726139,0.3875,0.7792810606069035,0.08559966709241898,-0.14937360550056397,-1.0677238839778136,-0.14937360550056397,69.64583333333333
SUPPORT_RESISTANCE,HTF_REJECTION,oos,USDJPY,243,-0.06416850283834818,0.38271604938271603,0.7955182895653473,0.08266607054019715,-0.13501058405372887,-1.057983663762315,-0.13501058405372887,67.22222222222223
SUPPORT_RESISTANCE,HTF_REJECTION,wf_1,AUDUSD,283,-0.07374258654637467,0.38869257950530034,0.8009040499367991,0.0880263867669576,-0.13384346973056135,-1.0769689050449514,-0.13384346973056135,74.41696113074205
SUPPORT_RESISTANCE,HTF_REJECTION,wf_1,EURUSD,200,-0.05991362540434986,0.385,0.7696714159054255,0.06509118591151208,-0.153026784131434,-1.0613819743799915,-0.153026784131434,140.675
SUPPORT_RESISTANCE,HTF_REJECTION,wf_1,GBPUSD,246,-0.05312257459305647,0.3902439024390244,0.8332660959902535,0.06036212337771886,-0.10946346166860232,-1.044291127673025,-0.10946346166860232,74.85772357723577
SUPPORT_RESISTANCE,HTF_REJECTION,wf_1,USDJPY,237,-0.07040163120526932,0.3755274261603376,0.7732036829038261,0.07698277808150752,-0.15254680378423388,-1.049040211332964,-0.15254680378423388,49.11392405063291
SUPPORT_RESISTANCE,HTF_REJECTION,wf_2,AUDUSD,266,-0.1298736107554106,0.35714285714285715,0.6454862612875512,0.14199128233737746,-0.26001737774087985,-1.1094778523322675,-0.26001737774087985,100.0187969924812
SUPPORT_RESISTANCE,HTF_REJECTION,wf_2,EURUSD,185,-0.048520958903278455,0.4,0.8024664148351761,0.060148563490141194,-0.13293135154523672,-1.074974684575214,-0.13293135154523672,139.8918918918919
SUPPORT_RESISTANCE,HTF_REJECTION,wf_2,GBPUSD,261,-0.025033183347718202,0.421455938697318,0.9244665861862558,0.0390483851543622,-0.04708667837287882,-1.0486738086382932,-0.04708667837287882,104.38697318007662
SUPPORT_RESISTANCE,HTF_REJECTION,wf_2,USDJPY,269,-0.07971033871154243,0.379182156133829,0.7727170358460455,0.09624350367113796,-0.15292971005833675,-1.0441655239782233,-0.15292971005833675,114.40520446096654
SUPPORT_RESISTANCE,HTF_REJECTION,wf_3,AUDUSD,240,-0.1676670094016809,0.325,0.5260505314907807,0.16848261734124478,-0.3808245944375885,-1.138415388369313,-0.3808245944375885,109.3125
SUPPORT_RESISTANCE,HTF_REJECTION,wf_3,EURUSD,211,-0.06855888115389275,0.3981042654028436,0.7584166737210751,0.08191395019942893,-0.16679422579092043,-1.0959749831794252,-0.16679422579092043,105.75829383886256
SUPPORT_RESISTANCE,HTF_REJECTION,wf_3,GBPUSD,234,-0.10815574788055538,0.36324786324786323,0.6639354272142179,0.125864436691258,-0.2431053961818015,-1.0885458734070261,-0.2431053961818015,90.7051282051282
SUPPORT_RESISTANCE,HTF_REJECTION,wf_3,USDJPY,225,-0.08317155085363737,0.36,0.7239047922406,0.09666176475385703,-0.1915005386161978,-1.047296976469604,-0.1915005386161978,61.71111111111111
VWAP_SESSION_MEAN,TREND_PULLBACK,oos,AUDUSD,738,-0.5644445946756478,0.28184281842818426,0.3822663194064902,0.5644445946756478,-0.561510762295735,-1.2257360755194635,-0.561510762295735,21.036585365853657
VWAP_SESSION_MEAN,TREND_PULLBACK,oos,EURUSD,704,-0.47469796231074346,0.3125,0.4669329078657141,0.47469796231074346,-0.4556485625469495,-1.176389594965448,-0.4556485625469495,18.139204545454547
VWAP_SESSION_MEAN,TREND_PULLBACK,oos,GBPUSD,745,-0.3531810306086749,0.36644295302013424,0.6218260361448025,0.35482736148972227,-0.29084456681411147,-1.146322616591441,-0.29084456681411147,22.926174496644297
VWAP_SESSION_MEAN,TREND_PULLBACK,oos,USDJPY,744,-0.3089119843368252,0.3481182795698925,0.6613333975157845,0.31251883573693695,-0.24682668211718875,-1.0893183675141855,-0.24682668211718875,22.076612903225808
VWAP_SESSION_MEAN,TREND_PULLBACK,wf_1,AUDUSD,746,-0.414891659847502,0.3284182305630027,0.5487461913728551,0.4166153845823438,-0.3577018823169308,-1.1400365255736473,-0.3577018823169308,21.373994638069703
VWAP_SESSION_MEAN,TREND_PULLBACK,wf_1,EURUSD,707,-0.4491748886558209,0.314002828854314,0.491435449095953,0.45069411554520594,-0.4202096792668171,-1.1662694057916794,-0.4202096792668171,17.128712871287128
VWAP_SESSION_MEAN,TREND_PULLBACK,wf_1,GBPUSD,751,-0.3804464744750533,0.33688415446071907,0.5896237561615781,0.3826666718564875,-0.3172214540191924,-1.1052370302084715,-0.3172214540191924,17.842876165113182
VWAP_SESSION_MEAN,TREND_PULLBACK,wf_1,USDJPY,755,-0.2867588447732021,0.37350993377483444,0.6944731193619176,0.29146951106205454,-0.22225940949883186,-1.0857999814873998,-0.22225940949883186,24.04635761589404
VWAP_SESSION_MEAN,TREND_PULLBACK,wf_2,AUDUSD,841,-0.486658065969373,0.3281807372175981,0.5158144150317385,0.4922950277054619,-0.3949048612861915,-1.174564563167769,-0.3949048612861915,28.92984542211653
VWAP_SESSION_MEAN,TREND_PULLBACK,wf_2,EURUSD,709,-0.5516315543314412,0.28067700987306066,0.38149156685677227,0.5516315543314412,-0.5640880653618882,-1.2369610444472225,-0.5640880653618882,23.61777150916784
VWAP_SESSION_MEAN,TREND_PULLBACK,wf_2,GBPUSD,852,-0.5239605848871913,0.3086854460093897,0.4812960719172229,0.5267966251321465,-0.43405063157945534,-1.157371584310869,-0.43405063157945534,16.983568075117372
VWAP_SESSION_MEAN,TREND_PULLBACK,wf_2,USDJPY,841,-0.31977396323132123,0.36741973840665876,0.6856416753260067,0.3266566519263715,-0.22758289824166245,-1.0915010916079542,-0.22758289824166245,30.46373365041617
VWAP_SESSION_MEAN,TREND_PULLBACK,wf_3,AUDUSD,761,-0.5723317921466864,0.290407358738502,0.3894602003329655,0.572569592459893,-0.5564719301931491,-1.248399129071242,-0.5564719301931491,20.45335085413929
VWAP_SESSION_MEAN,TREND_PULLBACK,wf_3,EURUSD,719,-0.5821553959125445,0.26564673157162727,0.35106983321393753,0.5833925538378609,-0.6052378981452559,-1.231020713204549,-0.6052378981452559,25.910987482614743
VWAP_SESSION_MEAN,TREND_PULLBACK,wf_3,GBPUSD,758,-0.5701564967156674,0.28891820580474936,0.3912868745656149,0.572656698747794,-0.5553187558043974,-1.2122130100112039,-0.5553187558043974,18.91820580474934
VWAP_SESSION_MEAN,TREND_PULLBACK,wf_3,USDJPY,760,-0.2688752337210196,0.3763157894736842,0.7124504248563339,0.28523973102492084,-0.20452837035388557,-1.080512635218937,-0.20452837035388557,23.105263157894736
VWAP_SESSION_MEAN,RANGE_REVERSION,oos,AUDUSD,262,-0.23007147248411342,0.2748091603053435,0.4391389072203732,0.23547080927465752,-0.4971265912465519,-1.1863729327878494,-0.4971265912465519,27.480916030534353
VWAP_SESSION_MEAN,RANGE_REVERSION,oos,EURUSD,227,-0.19046827734593486,0.2643171806167401,0.4632448060246519,0.19046827734593486,-0.46364592075126526,-1.1266776681205404,-0.46364592075126526,29.251101321585903
VWAP_SESSION_MEAN,RANGE_REVERSION,oos,GBPUSD,233,-0.14549050547010622,0.2875536480686695,0.5788703311482668,0.1742245212164394,-0.3355548316157347,-1.1029780175826567,-0.3355548316157347,56.137339055793994
VWAP_SESSION_MEAN,RANGE_REVERSION,oos,USDJPY,274,-0.10948912310371639,0.3175182481751825,0.7189689884937874,0.13307168702489144,-0.20967130951556653,-1.085913241187523,-0.20967130951556653,40.96715328467153
VWAP_SESSION_MEAN,RANGE_REVERSION,wf_1,AUDUSD,205,-0.08363832697261042,0.34146341463414637,0.7145760406055377,0.08486201767014567,-0.21117863089216038,-1.1041662485244785,-0.21117863089216038,49.0
VWAP_SESSION_MEAN,RANGE_REVERSION,wf_1,EURUSD,223,-0.16764241036188787,0.2645739910313901,0.4925382639845145,0.16764241036188787,-0.40976631008688674,-1.0913897613203367,-0.40976631008688674,47.399103139013455
VWAP_SESSION_MEAN,RANGE_REVERSION,wf_1,GBPUSD,207,-0.04165487211546237,0.34299516908212563,0.8615502505744672,0.07447940084668492,-0.10056675987466852,-1.0657946151884312,-0.10056675987466852,31.207729468599034
VWAP_SESSION_MEAN,RANGE_REVERSION,wf_1,USDJPY,164,-0.08110110192556441,0.3170731707317073,0.6655169065593568,0.08346476691920704,-0.25600474265050277,-1.0813161073672277,-0.25600474265050277,48.47560975609756
VWAP_SESSION_MEAN,RANGE_REVERSION,wf_2,AUDUSD,271,-0.1953346817884799,0.2915129151291513,0.5148979455655586,0.1953346817884799,-0.3991939622276517,-1.1452799664239492,-0.3991939622276517,35.29520295202952
VWAP_SESSION_MEAN,RANGE_REVERSION,wf_2,EURUSD,204,-0.13977620268440205,0.3137254901960784,0.5310673447715187,0.14695863362754835,-0.3672390714259842,-1.115494477658357,-0.3672390714259842,31.764705882352942
VWAP_SESSION_MEAN,RANGE_REVERSION,wf_2,GBPUSD,239,-0.1215661977058381,0.301255230125523,0.6594822719789176,0.14472001021055209,-0.2690333900201826,-1.091449059965581,-0.2690333900201826,63.70292887029289
VWAP_SESSION_MEAN,RANGE_REVERSION,wf_2,USDJPY,240,-0.08128765828365281,0.3125,0.7649247113309013,0.0880565560080668,-0.17439608312859597,-1.0642648429207826,-0.17439608312859597,37.666666666666664
VWAP_SESSION_MEAN,RANGE_REVERSION,wf_3,AUDUSD,195,-0.1791045748633976,0.26153846153846155,0.4375381626850649,0.1898313453437235,-0.5040843959170602,-1.183032236696503,-0.5040843959170602,45.282051282051285
VWAP_SESSION_MEAN,RANGE_REVERSION,wf_3,EURUSD,165,-0.1327551759504526,0.30303030303030304,0.46839762488744324,0.1334395955050527,-0.43000406488301096,-1.1123108693640322,-0.43000406488301096,53.75757575757576
VWAP_SESSION_MEAN,RANGE_REVERSION,wf_3,GBPUSD,229,-0.22738814378394379,0.2445414847161572,0.37891083576822077,0.2305222627982172,-0.561497528675865,-1.1480652752098752,-0.561497528675865,51.33187772925764
VWAP_SESSION_MEAN,RANGE_REVERSION,wf_3,USDJPY,153,-0.13196623475643232,0.23529411764705882,0.4496933248781303,0.1376542341211595,-0.460764279565498,-1.0732864308603036,-0.460764279565498,46.50326797385621
COST_AWARE_SCALPING,SHORT_HOLD_REJECTION,oos,AUDUSD,751,-0.6555722125062498,0.3129161118508655,0.2304067826615732,0.6555722125062498,-0.7082315747577053,-1.2788870527018261,-0.7082315747577053,4.560585885486018
COST_AWARE_SCALPING,SHORT_HOLD_REJECTION,oos,EURUSD,697,-0.4452838783708106,0.3931133428981349,0.4250744342262669,0.4452838783708106,-0.4215882019528158,-1.1446994773875176,-0.4215882019528158,5.703012912482066
COST_AWARE_SCALPING,SHORT_HOLD_REJECTION,oos,GBPUSD,751,-0.47236752806824456,0.374167776298269,0.4185665048749688,0.47236752806824456,-0.42455764704585364,-1.1340904700531604,-0.42455764704585364,5.019973368841544
COST_AWARE_SCALPING,SHORT_HOLD_REJECTION,oos,USDJPY,746,-0.3700980602759788,0.42091152815013405,0.5361315374832933,0.3700980602759788,-0.3087006879339881,-1.091140245192931,-0.3087006879339881,5.254691689008043
COST_AWARE_SCALPING,SHORT_HOLD_REJECTION,wf_1,AUDUSD,753,-0.4910986467146341,0.38114209827357237,0.40151731724619544,0.49182490603515105,-0.44738556025340953,-1.1485334271935719,-0.44738556025340953,4.46879150066401
COST_AWARE_SCALPING,SHORT_HOLD_REJECTION,wf_1,EURUSD,677,-0.32975744203385693,0.43870014771048743,0.5516088801241464,0.3325374217881635,-0.29443264822485,-1.114841575980493,-0.29443264822485,5.125553914327917
COST_AWARE_SCALPING,SHORT_HOLD_REJECTION,wf_1,GBPUSD,746,-0.3084454220989036,0.4410187667560322,0.6079855123154735,0.3084454220989036,-0.24614910176762847,-1.0721050808812862,-0.24614910176762847,5.475871313672922
COST_AWARE_SCALPING,SHORT_HOLD_REJECTION,wf_1,USDJPY,732,-0.3850781245875471,0.42213114754098363,0.5146337002884543,0.38527467483932104,-0.3310254849570484,-1.091108572924779,-0.3310254849570484,5.840163934426229
COST_AWARE_SCALPING,SHORT_HOLD_REJECTION,wf_2,AUDUSD,791,-0.5567014741491685,0.3640960809102402,0.3478006992817387,0.5611147217656456,-0.5130255720780049,-1.1743803145851117,-0.5130255720780049,8.268015170670038
COST_AWARE_SCALPING,SHORT_HOLD_REJECTION,wf_2,EURUSD,650,-0.4685314857001146,0.36615384615384616,0.36663909988176474,0.470993490348781,-0.4850805428202473,-1.18191291779137,-0.4850805428202473,5.053846153846154
COST_AWARE_SCALPING,SHORT_HOLD_REJECTION,wf_2,GBPUSD,784,-0.39937913094141797,0.4119897959183674,0.5151031945022254,0.4004347821353156,-0.32405498911088026,-1.1045369623121295,-0.32405498911088026,9.03061224489796
COST_AWARE_SCALPING,SHORT_HOLD_REJECTION,wf_2,USDJPY,782,-0.4086067981348003,0.4053708439897698,0.5024135256210278,0.4096583783941904,-0.33478391292789444,-1.0795964926733947,-0.33478391292789444,7.9923273657289
COST_AWARE_SCALPING,SHORT_HOLD_REJECTION,wf_3,AUDUSD,748,-0.6793800253707547,0.29545454545454547,0.20270338663787704,0.679872142108666,-0.758917688177564,-1.2838869003873952,-0.758917688177564,3.8502673796791442
COST_AWARE_SCALPING,SHORT_HOLD_REJECTION,wf_3,EURUSD,693,-0.5039401489289499,0.3694083694083694,0.35157587708445476,0.5062935779020863,-0.504633494308428,-1.1896255318895916,-0.504633494308428,5.1226551226551225
COST_AWARE_SCALPING,SHORT_HOLD_REJECTION,wf_3,GBPUSD,752,-0.4434412062883426,0.40824468085106386,0.4559780957823899,0.4434412062883426,-0.38848375743867347,-1.1373354947083896,-0.38848375743867347,4.8138297872340425
COST_AWARE_SCALPING,SHORT_HOLD_REJECTION,wf_3,USDJPY,745,-0.4018453484725315,0.4147651006711409,0.49977282648712634,0.4029389288222702,-0.34378757558680406,-1.0814153603560546,-0.34378757558680406,4.97986577181208
